id,slug,name,category,midlet,jar,jar_sha256,classes
001,retro-snake,"Retro Snake",Arcade,retrosnake.RetroSnakeMIDlet,jars/agneay-100/retro-snake.jar,a2a9cbf15b3be67f43a49dc62d174dea24d69c9b093ea948e5442e56cca51dfc,11
002,pixel-paddle,"Pixel Paddle",Arcade,pixelpaddle.PixelPaddleMIDlet,jars/agneay-100/pixel-paddle.jar,3a2c440ce7a6a72cdf16938791eedc6a2939fa84e49272c59107af07b6d7f816,11
003,block-fall,"Block Fall",Puzzle,blockfall.BlockFallMIDlet,jars/agneay-100/block-fall.jar,2b9bb47460fec756a930db689f048f4d49bc0c2fb10569f3faf54e30a881e359,11
004,mine-sweep,"Mine Sweep",Puzzle,minesweep.MineSweepMIDlet,jars/agneay-100/mine-sweep.jar,ff2b661f0befa6afaa41d320f5c0f029465f27aec7df27e59d45ba2d021b1775,11
005,keypad-chess,"Keypad Chess",Board,keypadchess.KeypadChessMIDlet,jars/agneay-100/keypad-chess.jar,2feff28f77e9ec3042d45597f3c21e4b650bd22610022540409bbd0a44b2120b,11
006,brick-buster,"Brick Buster",Arcade,brickbuster.BrickBusterMIDlet,jars/agneay-100/brick-buster.jar,ea15e0a526e9e8845b146cf7a6e5361dda19556d698a82d5397391370683449a,11
007,number-place,"Number Place",Puzzle,numberplace.NumberPlaceMIDlet,jars/agneay-100/number-place.jar,8745d884537739053d4b1f12102a6e4db231097417c5007b4c6ebbc76d999196,11
008,pixel-jumper,"Pixel Jumper",Platformer,pixeljumper.PixelJumperMIDlet,jars/agneay-100/pixel-jumper.jar,b428ecb4e87eb500be980d815440e73843f563150d5a7445ba55f0402cec2e81,11
009,traffic-dash,"Traffic Dash",Racing,trafficdash.TrafficDashMIDlet,jars/agneay-100/traffic-dash.jar,33a786758a74cf691cc3a68597fcedd272fc6a6b8ecf0bf5bdfa86a629ce2c62,11
010,tower-guard,"Tower Guard",Strategy,towerguard.TowerGuardMIDlet,jars/agneay-100/tower-guard.jar,d6ddedd662d0c98c508c42c74c2ad695a7698f0bdca6bd4dcb7755c668857d14,11
011,star-defender,"Star Defender",Arcade,stardefender.StarDefenderMIDlet,jars/agneay-100/star-defender.jar,3bb6c8bacec0d0fc5361b6d0a23efa3c7c890dc53ab70800c9c6e7c7887a7986,11
012,tile-merge,"Tile Merge",Puzzle,tilemerge.TileMergeMIDlet,jars/agneay-100/tile-merge.jar,e8fcbb6cd8748c919a0be3aab02cf604f00da80466cbe54d4d0748255db1f508,11
013,four-drop,"Four Drop",Board,fourdrop.FourDropMIDlet,jars/agneay-100/four-drop.jar,c908b4cb0d2b9813a60b0b16668a968a482dde4fab10fdac62f9dbb828a95ee9,11
014,twenty-one,"Twenty-One",Card,twentyone.TwentyOneMIDlet,jars/agneay-100/twenty-one.jar,940012c291792438b380c96b61fd690501c7db76dd2ee84afe8a9331e16c275b,11
015,dungeon-quest,"Dungeon Quest",RPG,dungeonquest.DungeonQuestMIDlet,jars/agneay-100/dungeon-quest.jar,311dc8162c81757ea825b63cef6677b3a3d6378993bb4ad2657aefd2d4488392,11
016,spot-kick,"Spot Kick",Sports,spotkick.SpotKickMIDlet,jars/agneay-100/spot-kick.jar,40dd0a0963d0ee788cbc557cb33b253f8e808916fe090fbd047a218f5f6afc65,11
017,pocket-farm,"Pocket Farm",Simulation,pocketfarm.PocketFarmMIDlet,jars/agneay-100/pocket-farm.jar,02ac300f4e62e347ea6671eddd843db2727d796410acb5d7f7b50f4db48ccaf3,11
018,echo-tones,"Echo Tones",Experimental,echotones.EchoTonesMIDlet,jars/agneay-100/echo-tones.jar,316a2e069c7409b999bb22ca6cd66b00a66d1310d5699f96852c7b680a81ff86,11
019,rock-blaster,"Rock Blaster",Arcade,rockblaster.RockBlasterMIDlet,jars/agneay-100/rock-blaster.jar,c60e8bf2896126076dd87f25e4da6728908c7bcfe58a48a1b1df22437a839cf9,11
020,crate-pusher,"Crate Pusher",Puzzle,cratepusher.CratePusherMIDlet,jars/agneay-100/crate-pusher.jar,186c8283730c8e17dc300d9f8f1a8a984c33a0c67c2092a10deda9fedf8d1967,12
021,noughts-grid,"Noughts Grid",Board,noughtsgrid.NoughtsGridMIDlet,jars/agneay-100/noughts-grid.jar,b98c9e9dd4f770ad17de570c5b719b913b500c0abf1ecb34bf067c4b7ea8e495,11
022,sky-hopper,"Sky Hopper",Platformer,skyhopper.SkyHopperMIDlet,jars/agneay-100/sky-hopper.jar,c9802c508c88bc9bfb3e74e5209111845b4e0a723cdb84247f0c899ee853fbe3,11
023,moto-rush,"Moto Rush",Racing,motorush.MotoRushMIDlet,jars/agneay-100/moto-rush.jar,b8c749fa22439e75d2d895833afc4f80703e4a330cccbeb8b6d4986ff3446137,11
024,sea-strike,"Sea Strike",Strategy,seastrike.SeaStrikeMIDlet,jars/agneay-100/sea-strike.jar,e4909aff188749db1d23a24d90589261ca62f42922aed8826e36028df239c5d8,11
025,klondike,"Klondike",Card,klondike.KlondikeMIDlet,jars/agneay-100/klondike.jar,cec9502e09b6122d002f40634c7ba088c4b981e5bf59b811b3e306a49b956751,11
026,monster-duel,"Monster Duel",RPG,monsterduel.MonsterDuelMIDlet,jars/agneay-100/monster-duel.jar,27263445838feadc84a0b5b9efc6c8638b821281d669e8afaedfa9e890279cbd,11
027,mini-golf,"Mini Golf",Sports,minigolf.MiniGolfMIDlet,jars/agneay-100/mini-golf.jar,16381ad6b06a48d118c6c9a363acc1aa44763882ec0c6ea6fd1a3cde6cff05da,11
028,lake-fishing,"Lake Fishing",Simulation,lakefishing.LakeFishingMIDlet,jars/agneay-100/lake-fishing.jar,adfdb0f6350b1822ff2da986494807495b26147c51e36626f037d55a73ad4992,11
029,multitap-rush,"Multitap Rush",Experimental,multitaprush.MultitapRushMIDlet,jars/agneay-100/multitap-rush.jar,a2a3981588cfce099c120ad6bf351006e896282c32a7322e4879a43ce5a1cc16,11
030,fruit-catcher,"Fruit Catcher",Arcade,fruitcatcher.FruitCatcherMIDlet,jars/agneay-100/fruit-catcher.jar,1199399e8d295f365af76a1a2a113b29ee38a374a988c0fd9bf653e36460160e,11
031,slide-fifteen,"Slide Fifteen",Puzzle,slidefifteen.SlideFifteenMIDlet,jars/agneay-100/slide-fifteen.jar,ffbdc1bab3156721df814bbb6e97d76a7aeade55a793ba9f60558e870e6007d1,11
032,flip-disc,"Flip Disc",Board,flipdisc.FlipDiscMIDlet,jars/agneay-100/flip-disc.jar,64e347e5663e1f7e06882b20e17b46b072fef54f2c0f428ad94feceb4fb06360,11
033,cave-escape,"Cave Escape",Platformer,caveescape.CaveEscapeMIDlet,jars/agneay-100/cave-escape.jar,1ae1a3267d0079537151505fcb98ed10173c1d35e9f432b34f9bed6fe547ee9e,11
034,checkpoint-rally,"Checkpoint Rally",Racing,checkpointrally.CheckpointRallyMIDlet,jars/agneay-100/checkpoint-rally.jar,5fbd9628aae457b84f31d2e4b4e57d222487a7fe4d461492eedfd990b823cfcd,11
035,box-claim,"Box Claim",Strategy,boxclaim.BoxClaimMIDlet,jars/agneay-100/box-claim.jar,2e0e73ed742e23c8a726cfb4ee6f6e9b771b7e1acda2d9914e2780c940ad82b7,11
036,hi-lo-cards,"Hi-Lo Cards",Card,hilocards.HiLoCardsMIDlet,jars/agneay-100/hi-lo-cards.jar,77bfc975c8ab232b73ad4a09c3f804a13a385f4b402ed08bdbfb141286c128e2,11
037,island-dig,"Island Dig",RPG,islanddig.IslandDigMIDlet,jars/agneay-100/island-dig.jar,5e5e029c290c7ab575457582630ff885ff3d9d892749c5d27b26f4f184a7add0,11
038,ten-pin,"Ten Pin",Sports,tenpin.TenPinMIDlet,jars/agneay-100/ten-pin.jar,da8a7a12f8cbd30d161295c7cf6735679013dfe0a0d3763927a89a14d8845f41,11
039,corner-shop,"Corner Shop",Simulation,cornershop.CornerShopMIDlet,jars/agneay-100/corner-shop.jar,98f7a65b7d3017bba207e2397a49bcd3fbf687a690f70fee0c75724668bc97db,11
040,mole-bonk,"Mole Bonk",Arcade,molebonk.MoleBonkMIDlet,jars/agneay-100/mole-bonk.jar,4475f444d4c8e27a033b45bdf87ae646dcff46bd5ea6d411b6631d39bc610843,11
041,gem-swap,"Gem Swap",Puzzle,gemswap.GemSwapMIDlet,jars/agneay-100/gem-swap.jar,4b7aa51917646ca87a0642cad027ba95c0510a54eeeb25d864bbb9e35e4c9e03,11
042,keypad-checkers,"Keypad Checkers",Board,keypadcheckers.KeypadCheckersMIDlet,jars/agneay-100/keypad-checkers.jar,7730c7852340915e4dd2933891c44f302f6e17a97b10fdccbdb3ab017bdd8297,11
043,ladder-loot,"Ladder Loot",Platformer,ladderloot.LadderLootMIDlet,jars/agneay-100/ladder-loot.jar,4c983b4870f666ec4d40539485f8ca0551a3f44e186a2b369812a96f8ecb5410,11
044,drag-strip,"Drag Strip",Racing,dragstrip.DragStripMIDlet,jars/agneay-100/drag-strip.jar,a85374d7852d67d7269585b86a8f075e8b63e14d5e377e7d8963f514fbc36216,11
045,land-grab,"Land Grab",Strategy,landgrab.LandGrabMIDlet,jars/agneay-100/land-grab.jar,a8b95baa8d3beb2435cc89c1178ad422981bec3ec3912aa729fd1ff45fcc8d65,11
046,draw-poker,"Draw Poker",Card,drawpoker.DrawPokerMIDlet,jars/agneay-100/draw-poker.jar,1951a77b22bea29e8578fc7356903203789b1701472051651e1d5f4a6a642be6,11
047,lost-keep,"Lost Keep",RPG,lostkeep.LostKeepMIDlet,jars/agneay-100/lost-keep.jar,f6b695cb19ea571f1254c39cc35f1072640599d2449f4c85694d5801cdc43404,11
048,hoop-shot,"Hoop Shot",Sports,hoopshot.HoopShotMIDlet,jars/agneay-100/hoop-shot.jar,0108373563215d9236261c092c896e7dd72b49a651dc79d4dacd84683104c44c,11
049,deep-mine,"Deep Mine",Simulation,deepmine.DeepMineMIDlet,jars/agneay-100/deep-mine.jar,11852c7531d102d773c63dc2d3ab996e5915c7f25e2e1cb4d4110c49dc43b2ab,11
050,orbit-jump,"Orbit Jump",Experimental,orbitjump.OrbitJumpMIDlet,jars/agneay-100/orbit-jump.jar,e297f012ea1bcb8f1666e1a4e0518c070006fc87e8c68010cf0cc834a5588a88,11
051,light-trails,"Light Trails",Arcade,lighttrails.LightTrailsMIDlet,jars/agneay-100/light-trails.jar,6e3447e59e706d111e2f246c72f22367213510eb309d29cb5420f3049bae3013,11
052,pixel-logic,"Pixel Logic",Puzzle,pixellogic.PixelLogicMIDlet,jars/agneay-100/pixel-logic.jar,c6c07da8a68f602b5ae49d2e1c5b4c99931e026f32823e0c355424e175cbf5a0,11
053,five-stones,"Five Stones",Board,fivestones.FiveStonesMIDlet,jars/agneay-100/five-stones.jar,3724f9f939935dbca82811bd3a8793e0f613518899e90bf4df93b82ab760ca14,11
054,treasure-run,"Treasure Run",Platformer,treasurerun.TreasureRunMIDlet,jars/agneay-100/treasure-run.jar,12729fbe5b50bc3a69f827200a1ca62ab7f7a9931c2d0c4e9ffc968da2f6b1a6,11
055,snow-slalom,"Snow Slalom",Racing,snowslalom.SnowSlalomMIDlet,jars/agneay-100/snow-slalom.jar,a6c5e9dc6682c1151390424caf1a7e4fdc96549dfae1593e55bff87bac0a07d7,11
056,kingdom-ledger,"Kingdom Ledger",Strategy,kingdomledger.KingdomLedgerMIDlet,jars/agneay-100/kingdom-ledger.jar,a89bfb082968e741cdc31313173b549c629d25ec9e1a58568bf5a86cc0c9cafe,11
057,cell-solitaire,"Cell Solitaire",Card,cellsolitaire.CellSolitaireMIDlet,jars/agneay-100/cell-solitaire.jar,879dce9a220c51098933a9359e5f9337dbe3f6b8738593891acf37e04684d848,11
058,pocket-saga,"Pocket Saga",RPG,pocketsaga.PocketSagaMIDlet,jars/agneay-100/pocket-saga.jar,13bb21226942320782c9733b657caeebadb649a42d12f4b445c816fabaaf42bc,11
059,pocket-cricket,"Pocket Cricket",Sports,pocketcricket.PocketCricketMIDlet,jars/agneay-100/pocket-cricket.jar,a665f9825a396fe3536e788c90b0f4a0051d6627b1d3fb66d0f3a2d0640f741d,11
060,diner-rush,"Diner Rush",Simulation,dinerrush.DinerRushMIDlet,jars/agneay-100/diner-rush.jar,2602469a2e1279084f4b02f4d26c5563ff862ad65719a2c6a257c24fc8dd5e95,11
061,city-shield,"City Shield",Arcade,cityshield.CityShieldMIDlet,jars/agneay-100/city-shield.jar,9202cf89950ba448514e46250d0bf38340961c1ab5db091aa583401c74286d22,11
062,switch-grid,"Switch Grid",Puzzle,switchgrid.SwitchGridMIDlet,jars/agneay-100/switch-grid.jar,3e8a3e07cb856b0adf5521d1f13e3460106cc96dc22e04e9adc3c1309a21fbd9,11
063,seed-sowing,"Seed Sowing",Board,seedsowing.SeedSowingMIDlet,jars/agneay-100/seed-sowing.jar,ea2064954bfd6d5f334274f135f447d5cb959d24fbae4d59310996d5df13695e,11
064,gravity-flip,"Gravity Flip",Platformer,gravityflip.GravityFlipMIDlet,jars/agneay-100/gravity-flip.jar,429044f6e52a42aea19842aabe673635be97372832e8349539dfb55d6e23b981,11
065,hill-climb,"Hill Climb",Racing,hillclimb.HillClimbMIDlet,jars/agneay-100/hill-climb.jar,bba25f230fe8fcd7540ac5b31709118ace7b38e57c4a03dc6a056a5b7b2e33a4,11
066,galaxy-conquest,"Galaxy Conquest",Strategy,galaxyconquest.GalaxyConquestMIDlet,jars/agneay-100/galaxy-conquest.jar,2aed281c51d69a9db14b4d335268a0fbfe9dbe130f5bb02100e07e03c17d8fee,11
067,eights-shed,"Eights Shed",Card,eightsshed.EightsShedMIDlet,jars/agneay-100/eights-shed.jar,fab906163d5f504fd43249092d8953c1982713110d7f921354d000fbbb8b7925,11
068,arena-champion,"Arena Champion",RPG,arenachampion.ArenaChampionMIDlet,jars/agneay-100/arena-champion.jar,2335bb810227d3c94a7456be991d18fcb675ff5c44565a797e07197baffaa45a,11
069,court-rally,"Court Rally",Sports,courtrally.CourtRallyMIDlet,jars/agneay-100/court-rally.jar,33257aff8b873fe63bb39bc26ae32fa4d6b557580e6635dc671cf30f60729555,11
070,tiny-city,"Tiny City",Simulation,tinycity.TinyCityMIDlet,jars/agneay-100/tiny-city.jar,b52fd3e806bdc189bb5b8ef4b9d82114e121d5fb7d38562bc810a82d3dc99c55,11
071,road-hopper,"Road Hopper",Arcade,roadhopper.RoadHopperMIDlet,jars/agneay-100/road-hopper.jar,d63a3f5206b9b9827d1fd40e05d595a5ce3ee99d8db393e21f98f281a391601e,11
072,pipe-flow,"Pipe Flow",Puzzle,pipeflow.PipeFlowMIDlet,jars/agneay-100/pipe-flow.jar,2e74aca9e83bdea1f61bb4cba65467c5c2e52f572440de338e33e6ba02fd083c,11
073,nim-sticks,"Nim Sticks",Board,nimsticks.NimSticksMIDlet,jars/agneay-100/nim-sticks.jar,fa29c79834e5f615b751d653c9b76dc1927b37cf732fda49e66607d1c9bb7626,11
074,barrel-climb,"Barrel Climb",Platformer,barrelclimb.BarrelClimbMIDlet,jars/agneay-100/barrel-climb.jar,9a9492a290f18f95609ad58c19608e92230edb6cc6a56748dfd1bd6f9d2da821,11
075,pixel-racer,"Pixel Racer",Racing,pixelracer.PixelRacerMIDlet,jars/agneay-100/pixel-racer.jar,2b52fee695c7f7f8d71899dec644665f7ca525df2709368666bff03221bc4113,11
076,grid-tactics,"Grid Tactics",Strategy,gridtactics.GridTacticsMIDlet,jars/agneay-100/grid-tactics.jar,0177d7ac4c5994936429f99cf2c723705a6e1a234673626925bce2b1a0132ada,11
077,memory-cards,"Memory Cards",Card,memorycards.MemoryCardsMIDlet,jars/agneay-100/memory-cards.jar,ba1bbbe0c741289f2b36aa9785dbf2c2245d9b0a1ed7a1cf46700ff39129d868,11
078,deep-crawl-3d,"Deep Crawl 3D",RPG,deepcrawl.DeepCrawl3DMIDlet,jars/agneay-100/deep-crawl-3d.jar,0a50605c5009533071cf3f90befbe4c306cac6bb5728af885e8f1b2ff222a91b,11
079,bullseye,"Bullseye",Sports,bullseye.BullseyeMIDlet,jars/agneay-100/bullseye.jar,d4930d3fd6611feffda4065210abd7cce99675ca88ba0b565cf0fe3ee94a1a98,11
080,factory-line,"Factory Line",Simulation,factoryline.FactoryLineMIDlet,jars/agneay-100/factory-line.jar,2478acd2e61e1c9f09c550af3f009f2ce56bbdef8c3c7df88b3648c4e6f5afb3,11
081,copter-cave,"Copter Cave",Arcade,coptercave.CopterCaveMIDlet,jars/agneay-100/copter-cave.jar,0abf5cf5a6e2f80dfde02f0f88ae18500ce73480b4e879d302311da766440761,11
082,code-breaker,"Code Breaker",Puzzle,codebreaker.CodeBreakerMIDlet,jars/agneay-100/code-breaker.jar,6f68ad95d783202d11055c6b7f52553b0455b7eb601a25eed97e93e1a68b37f0,11
083,race-home,"Race Home",Board,racehome.RaceHomeMIDlet,jars/agneay-100/race-home.jar,1d15d3fbebc6ef4fef221b38c73e09a15f67b910d158f5064b93335fcf0a03f5,11
084,wall-kick,"Wall Kick",Platformer,wallkick.WallKickMIDlet,jars/agneay-100/wall-kick.jar,e9358e141568b58d76f2f94f3479d250cc76144c6ee17c006c229c788ea3971a,11
085,ring-racer,"Ring Racer",Racing,ringracer.RingRacerMIDlet,jars/agneay-100/ring-racer.jar,ad89a624345480730382525fc9c3eb366f823d8bdd496205c8363cec3ca23b48,11
086,siege-lanes,"Siege Lanes",Strategy,siegelanes.SiegeLanesMIDlet,jars/agneay-100/siege-lanes.jar,45dd09ea2b193d2015b01b0de16cf990b9e35551bc793ba27e5417c1b451ec8c,11
087,domino-line,"Domino Line",Board,dominoline.DominoLineMIDlet,jars/agneay-100/domino-line.jar,a85f448c022b669721c00b55fbb7296049c42bf6b16cbf302029503a027f6454,11
088,spell-deck,"Spell Deck",RPG,spelldeck.SpellDeckMIDlet,jars/agneay-100/spell-deck.jar,70ebd45eee289272c70abfe7aaa8e7d32fcf85f633b1a223beb9683b123abeb5,11
089,puck-rush,"Puck Rush",Sports,puckrush.PuckRushMIDlet,jars/agneay-100/puck-rush.jar,1b24121063944d2b1355e837d69425bb74231a94f0cf23e670d2744d39c94904,11
090,lemon-stand,"Lemon Stand",Simulation,lemonstand.LemonStandMIDlet,jars/agneay-100/lemon-stand.jar,1eeaaf37a547ecf3e601baf3df712b3d01496bd1b2b41ead1a2e43dfa99af4bd,11
091,bubble-shot,"Bubble Shot",Arcade,bubbleshot.BubbleShotMIDlet,jars/agneay-100/bubble-shot.jar,860e5611cbbea8a073641f2de31e2989ad29d1a6535f98790b1468927677bcd8,11
092,laser-mirrors,"Laser Mirrors",Puzzle,lasermirrors.LaserMirrorsMIDlet,jars/agneay-100/laser-mirrors.jar,ac50d4542802b1c5e446b897fe013ceb57108ecfcb52dcc1f7744dabb71b5388,11
093,peg-jump,"Peg Jump",Puzzle,pegjump.PegJumpMIDlet,jars/agneay-100/peg-jump.jar,bb1355c9ee30f0e85de8659b38e0773a42f1a1abb20abcdd960795af5d96f214,11
094,volley-beach,"Volley Beach",Sports,volleybeach.VolleyBeachMIDlet,jars/agneay-100/volley-beach.jar,9f46d1bd7f742dadb9993d8aec3e26c3bd8bb709c6ff9785d1eede47922e3aa0,11
095,pet-pal,"Pet Pal",Simulation,petpal.PetPalMIDlet,jars/agneay-100/pet-pal.jar,8a3e6be1c79a654117e758be5af6778210e171a7b4ac24d3634cee481221bb0a,11
096,space-trader,"Space Trader",Simulation,spacetrader.SpaceTraderMIDlet,jars/agneay-100/space-trader.jar,5a0e87c826c19d7f8099639c819def86288e1935daf69d4f5acc3a1cd4ef6ceb,11
097,rail-switcher,"Rail Switcher",Experimental,railswitcher.RailSwitcherMIDlet,jars/agneay-100/rail-switcher.jar,7b93e23221ce5a029af4e831cdb236afb152ed7b2b917f43a2b0b0f05626553c,11
098,morse-signal,"Morse Signal",Experimental,morsesignal.MorseSignalMIDlet,jars/agneay-100/morse-signal.jar,3c138cc80890193b8a81ef1d88644817fa6f051e9c609db5b0e1bab5f3cb2316,11
099,math-blitz,"Math Blitz",Experimental,mathblitz.MathBlitzMIDlet,jars/agneay-100/math-blitz.jar,75ee7a209f6bd00fa3eb37a033c95ba1ba35fef625eafdbaac239f164fec704a,11
100,cell-garden,"Cell Garden",Experimental,cellgarden.CellGardenMIDlet,jars/agneay-100/cell-garden.jar,a517da7a9b501afea43091459d93da8caed49f65db7d10c1740d2fdf30326b35,11
