name,source_url,license,license_evidence,author,platform,build_method,commit,jar,jar_sha256,verdict,reason
wtk-tilepuzzle,https://github.com/EdwardLim1994/j2me-maven-docker (docker/wtk/apps/Games),BSD-3-Clause,"src/example/tilepuzzle/*.java 헤더 ""Copyright (c) 2007, Sun Microsystems ... Redistribution and use in source and binary forms ... permitted""",Sun Microsystems (WTK 2.5.2 데모; 제3자 재업로드이나 BSD가 재배포 허용),"MIDP2/CLDC1.0, 화면 가변",javac --release 7 (JDK17) -cp midpapi20+cldcapi11 + jar (build/build1.sh),fad415f0c844abe822ee2423882b78e7a4dc5c69,jars/wtk-tilepuzzle.jar,e75e4d830e0cabd1485899e07f7e67ccb3fba97e3de4f17759bdaeecc83c16aa,채택,전 파일 BSD 헤더 확인. 리소스=아이콘 1개(WTK 동봉)
wtk-wormgame,https://github.com/EdwardLim1994/j2me-maven-docker (docker/wtk/apps/Games),BSD-3-Clause,src/example/wormgame/*.java 동일 Sun BSD 헤더,Sun Microsystems (WTK 2.5.2 데모),MIDP2/CLDC1.0,javac --release 7 (JDK17) -cp midpapi20+cldcapi11 + jar (build/build1.sh),fad415f0c844abe822ee2423882b78e7a4dc5c69,jars/wtk-wormgame.jar,f408cc6f846a2b43c5c0e79c5686e8e399f5e33982dd2ffc3a701418a16ea032,채택,전 파일 BSD 헤더 확인
j2me-lines,https://github.com/mrlordkaj/j2me-lines,GPL-3.0,"LICENSE (GPLv3 전문); README ""Copyright 2012 Openitvn Games""",Thinh Pham (mrlordkaj) / Openitvn Games,"MIDP2/CLDC, Nokia SDK 2.0 (Asha 240x400), 벤더 API 없음",javac --release 7 (JDK17) -cp midpapi20+cldcapi11 + jar (build/build1.sh) ; util/ImageHelper.java 를 clean-room 대체(원본 헤더가 저장소에 없는 Nokia LICENSE.TXT 를 가리킴),04af9929e7ae954139c6c76aace10dbd18631554,jars/j2me-lines.jar,cea17e90494e72afa411f4a16779a2e99fcb9168e7428a7819c93408fa862461,채택,이미지 9장 res/ (저자 프로젝트 자산). Color Lines 류 일반 장르명
stickfight,https://github.com/Dahmalahi/STICK-FIGHT-OFFICIEL-REPO,MIT,LICENSE (MIT),Dahmalahi (가명),"MIDP2/CLDC1.1, 240x320 (Itel 5615), JSR-135",javac --release 7 (JDK17) -cp midpapi20+cldcapi11 + jar (build/build1.sh); 루트의 .java 만 스테이징,b903ba03076387756e70bac954038098637ea1f6,jars/stickfight.jar,835acd535a5fed14412ba276471c0256f1b50eed40aac1ff119c37c43e76b544,채택,"README ""Zero external assets — all graphics drawn procedurally"". 저자 가명"
slime-volleyball,https://github.com/isaacflaum/SlimeVolleyball,GPL-2.0-or-later,"LICENSE 파일 없음 · src/com/flaum/*.java 7/7 헤더 ""Copyright (C) 2014 Isaac Flaum ... GNU General Public License ... version 2 ... or (at your option) any later version""",Isaac Flaum,"MIDP2/CLDC, 자산 없음(도형 렌더)",javac --release 7 (JDK17) -cp midpapi20+cldcapi11 + jar (build/build1.sh),d239c18f3d60456982136f37e3165d8d4405260d,jars/slime-volleyball.jar,0ca8a98b8fa38709055d839df7b7f6ea4347f546a64335c62bc4e8549aacb3cd,채택,"★직전 라운드 ""라이선스 없음 제외""를 정정 — 전 파일 GPL 헤더 존재. 원작 아이디어(Quin Pendragon oneslime.net)는 README 에 출처 표기, 코드·자산 재사용 없음"
kurve,https://github.com/nsaje/Kurve,GPL-3.0,"LICENSE (GPLv3) + 파일 헤더 ""This file is part of Kurve""",nsaje (고교 프로젝트),"MIDP2/CLDC, JSR-82 Bluetooth(멀티플레이)","javac --release 7 (JDK17) -cp midpapi20+cldcapi11 + jar (build/build1.sh) + stubs/stubs.jar(JSR-82 컴파일 전용 스텁); Curve.java:16 의 ""*/a"" 오타 1글자 스테이징 수정",c3cde2e6f9d91fcebe187c61f1e0da2916b62efa,jars/kurve.jar,d802d0331bc1e53acf99ac09e07b25457419dd79664c40d2f61029b6e5b7904b,채택,"HEAD 그대로는 구문오류로 컴파일 불가 → build/_src 에서 1글자 수정. 런타임에 JSR-82 클래스 필요할 수 있음. ""Achtung, die Kurve!"" 메커니즘 이식(자산 없음)"
sperm-race,https://github.com/santiagoviertel/sperm-race,GPL-3.0,LICENSE (GPLv3); 저자 GetJar 배포,Santiago Viertel (Céu Games),"MIDP2.1/CLDC1.1, 128x160·240x320 빌드, JSR-135","javac --release 7 (JDK17) -cp midpapi20+cldcapi11 + jar (build/build1.sh) -encoding ISO-8859-1; 기본패키지 import(javac1.4+ 거부) 때문에 SR_Menu/SR_Race 패키지를 기본패키지로 평탄화(스테이징), res 를 /SR_Menu(240x320)·/SR_Race 로 재배치",5ad8150dda01f9a38b45d36fada5561c99ce11c6,jars/sperm-race.jar,bf5b031018aa034eec995cdbee762be10e220417d4edc7ee62e45a3b380a39d0,채택,"저장소에 저자 prebuilt jar 동봉: bin/SpermRace240x320.jar sha256 4d93e37f56b8f6ba8804d4e011a7584abcd62be56bd5693adf7f2f33dfd7b723, bin/SpermRace128x160.jar 27e60c57b4fa7bd4a8438c7df2edf62f4ec6d7b424c43ba259e12e1d45ff59fc. 성인 주제(GetJar adult)"
finifactory,https://github.com/PBlinuxMintDE6/finifactory,MIT,LICENSE (MIT),PBlinuxMintDE6,MIDP2/CLDC,javac --release 7 (JDK17) -cp midpapi20+cldcapi11 + jar (build/build1.sh),8e0b7836e4fcf2853e703211fa039216094683e9,jars/finifactory.jar,69913109bf0c001eec6237af3d4c287f58ecbb894d59ea48b194cf6145bba611,채택,"png 10장 src 내 동봉(저자 자산 추정, 별도 표기 없음 → 저장소 MIT 적용)"
bubblet-asha,https://github.com/Summeli/Bubblet-Asha,GPL-2.0,"COPYING (GPLv2) + README ""Bubblet is Lincesed GNU General Public License version 2""",Juan Antonio Agudo (원작) / Summeli 이식,"MIDP2, Nokia Asha 풀터치, JSR-211(javax.microedition.content), com.nokia.mid.ui.VirtualKeyboard",javac --release 7 (JDK17) -cp midpapi20+cldcapi11 + jar (build/build1.sh) + stubs/stubs.jar(JSR-211·Nokia VirtualKeyboard 스텁),944b3f3fd14e2e22f6e34c092ee2c7a702ef63ed,jars/bubblet-asha.jar,327cea349314c381e590c5eee2fac6018b037661c2472171ee21e33d9392b85b,채택,스텁은 컴파일 전용 — 런타임에 JSR-211/Nokia UI 없으면 BubbletCanvas 로드 실패 가능
minitruco,https://github.com/chesterbr/minitruco-j2me,GPL-3.0-or-later (파일 헤더) / BSD-3-Clause (LICENSE 2014),"LICENSE = BSD-3 (Chester, 2014) · 소스 헤더 = GPLv3+ (Chester + 공동저자 Sandro Gasparotto 등)",Carlos Duarte do Nascimento (Chester) 외,"MIDP2/CLDC, JSR-82 선택(BT 대전)",javac --release 7 (JDK17) -cp midpapi20+cldcapi11 + jar (build/build1.sh) + stubs/stubs.jar(JSR-82); HEAD 결함(Jogador.mensagemEstrategia 미정의) 을 no-op 메서드 1개로 스테이징 보정,aabad635b34eee346cd7e12324f471c70ed16836,jars/minitruco.jar,a72a2e40174cce0c82bd3b72f7004404b10ec3a26d796df52f3be12a489f1b41,채택,라이선스 이중표기 — 공동저자 BSD 재라이선스 동의 불명이라 GPLv3+ 로 취급 권장. 저자 prebuilt deploy/miniTruco.jar 동봉. lib/btapi.jar(SCSL) 는 사용하지 않고 자체 스텁 작성
j2me-2048,https://github.com/fuadj/J2ME_2048,GPL-3.0,LICENSE.txt (GPLv3),fuadj,MIDP2/CLDC,javac --release 7 (JDK17) -cp midpapi20+cldcapi11 + jar (build/build1.sh),360be356ab46c235e7de47909e71a321dd2d0f06,jars/j2me-2048.jar,8cc1b48394d5cec15ee43d6907e85fb5b387344747b203e8ed12848c06808b11,채택,2048 원작(Gabriele Cirulli)은 MIT — 메커니즘 재구현
pipes,https://github.com/mkerley/PipesJ2ME,GPL-3.0,LICENSE-GPL.txt (GPLv3 전문) — GitHub API 는 license 미검출,Michael Kerley,MIDP2/CLDC; NetBeans 전처리 //# 주석(디버그만),javac --release 7 (JDK17) -cp midpapi20+cldcapi11 + jar (build/build1.sh),ea43f64ff55aa9ac4f06648068d41bda75c2117b,jars/pipes.jar,a11c41405c4e35e2d7c35c57c6234b0adfaa1c60e73e7cc94033b9b1c22f5f3b,채택,graphics-source/ 에 원본 그래픽 소스 동봉(저자 작성)
sudoku-woodie,https://github.com/woodie/Sudoku-J2ME,MIT,LICENSE (MIT),woodie,"MIDP2/CLDC, Nokia 3310 3G(240x320)",javac --release 7 (JDK17) -cp midpapi20+cldcapi11 + jar (build/build1.sh),2f31ba6d1d8b3ebf03b5526641b28566f0cf2d68,jars/sudoku-woodie.jar,4e86c821ccd2570a7f0c78259fd136a28857e362836dd44a576c8198720a980b,채택,
loveme,https://github.com/SergioFLS/loveme,MIT-0,LICENSE.txt (MIT No Attribution); res/LICENSE.Luaj.txt (LuaJ MIT),SergioFLS,"MIDP2/CLDC1.1, LÖVE 유사 Lua 프레임워크 + 데모(res/game/main.lua)",javac --release 7 (JDK17) -cp midpapi20+cldcapi11 + jar (build/build1.sh),09407d5975385719dd9208c2a007b147a954365e,jars/loveme.jar,6aefa71fd64579749d4f769a6e25ada462cad927f19981bbc1978a22bc60fe6a,채택,게임보다는 프레임워크+데모(cupert.png). LuaJ 포함
redball,https://github.com/praj-foss/j2me-gamedev-series,CC0-1.0,LICENSE (CC0 1.0),praj-foss,"MIDP2/CLDC, 도형 렌더",javac --release 7 (JDK17) -cp midpapi20+cldcapi11 + jar (build/build1.sh) (redball/src 만),630e10c400ccbfca1859d1209217601354af9d55,jars/redball.jar,8238f544934738242ca9b50f718ac2080fe434a5924c85eae26de5b7ff70104c,채택,튜토리얼 게임(공 튕기기). 영상 강의 보조 이미지(2025/)는 jar 미포함
j3de,https://github.com/PBlinuxMintDE6/J2ME-3DEngine,MIT,LICENSE (MIT),PBlinuxMintDE6,"MIDP2/CLDC, 소프트웨어 3D(JSR-184 미사용)",javac --release 7 (JDK17) -cp midpapi20+cldcapi11 + jar (build/build1.sh),20c0ccf86084c5fbc0b3fb324dc0065b10bc4137,jars/j3de.jar,9fdfe561edf01c1b1eeb271f7198ef4d31230d8fe9c41b9a6d5dd50e55346a17,채택,게임 엔진 데모(스크립트 J3S 동봉). 완성 게임 아님
mobapp-game,https://github.com/vipaoL/mobapp-game,GPL-3.0 + LGPL-2.1(서브모듈) + Apache-2.0(Emini),"LICENSE(GPLv3); lib/mobapp-framework·mobapp-platform-j2me LICENSE(LGPLv2.1); lib/EminiPhysicsEngine LICENSE.txt(Apache-2.0, ©2025 Alexander Adensamer)",vipaoL,"MIDP2/CLDC1.1, JSR-75(FileConnection)·JSR-256(sensor) 선택 사용","javac --release 7 (JDK17) -cp midpapi20+cldcapi11 + jar (build/build1.sh) + stubs/stubs.jar(JSR-75/256 스텁); 서브모듈 5개 소스 병합, Emini Designer/Tests 제외(원본 build-config.sh 와 동일)","7f8ecd4f9cb2381f1deb82e35b3db1a504c53e89 (+mobapp-framework d892624, platform-j2me 89c7d4f, Emini ff36b82)",jars/mobapp-game.jar,fee8af1b3a15041b00033395274b50d9e756f5ef49da120a06fe5eceec386e77,채택,레벨(.mglvl)·구조물 데이터 저자 작성. 선택 API 미지원 단말에서의 클래스 로드 동작 미검증
agneay-100,https://github.com/agneay/j2me-100-games,MIT,"LICENSE (MIT, ""Copyright (c) 2026 Agneay B Nair and the J2ME Game Archive contributors"")",Agneay B Nair,"CLDC1.0/MIDP2, 128x128~240x320 적응, 정수연산만, 벤더 API 없음","javac --release 7 (JDK17) -cp midpapi20+cldcapi11 + jar (build/build1.sh) — 게임별 common/src+games/NNN/src, 아이콘=media/icon.png",a81f2c5e0396baac10928ff012bbf9d8a2d787e3,"jars/agneay-100/ (100개, 목록·sha256 = agneay-100-games.csv)",,채택,"100/100 빌드 성공. ★저장소 생성 2026-10-03(5일 전) — 신생·대량 생성물. README 가 ""every game written from scratch"", 자산 없음(도형). 실기 검증 0/100(저자 표기)"
wipi-game,https://github.com/dlunch/wipi_game,MIT,"LICENSE (MIT, ""Copyright 2020 Inseok Lee"")",Inseok Lee (dlunch),"WIPI-C (KTF/LGT Clet, Rust, thumbv4t)",nightly cargo -Zbuild-std thumbv4t-none-eabi --features ktf|lgt + dlunch/wipi@36150f39 wipi-archiver (release.sh 의 -p wipi_archiver → wipi-archiver),b09302d8b25f114c80e1ea58acc50dd271696d6a,"jars-wipi/wipi_game_{ktf,lgt}.zip",ktf c20b2f9318f461993883206ee341ea48cd1a2c03670885093c2815b4c2d30117 · lgt 2e4d71573ae6125ef6269c940b598510829dbd763b11c4eb002b201b04900f21,채택,images/atlas.png 미동봉(README 만) — 코드가 Option 으로 처리. 데이터 .dat 저자 작성
libwipi-platformer,https://github.com/mirusu400/libwipi (examples/platformer),MIT,"LICENSE (MIT, ""Copyright (c) 2026 libwipi contributors"")",mirusu400 / libwipi contributors,"WIPI-C 1.2.1 (LGT, ARAM/WIE 타깃)",빌드 안 함 — GNU Arm Embedded(arm-none-eabi-gcc)·docker 가 이 맥에 없다,c548e1f50d965a4d96414cc2b042df9b99ef4765,,,채택,"README ""original ... contains no characters, maps, images, sounds, or names from an existing commercial game"". WIPI 홈브루 실재 증거(dlunch 외)"
wtk-pushpuzzle,https://github.com/EdwardLim1994/j2me-maven-docker (docker/wtk/apps/Games),BSD-3-Clause (코드),Sun BSD 헤더,Sun Microsystems,MIDP2/CLDC1.0,미빌드,fad415f0c844abe822ee2423882b78e7a4dc5c69,,,보류,res/example/pushpuzzle/data/screen.* 레벨이 원작 Sokoban(Thinking Rabbit) 1번 레벨 형태와 동일 — 레벨 데이터 권리 불명. 코드만 BSD
rehan-shooter,https://github.com/RehanSaeed/Shooter,MIT,LICENSE (MIT),Rehan Saeed,MIDP/CLDC,미빌드 (자산이 Git LFS — media.githubusercontent 로 확인),cab88697a4b4921f72c043067d2b7bd02fe65839,,,보류,"★직전 라운드 채택을 강등: 스프라이트(전투기·폭발·폰트)가 기성 스프라이트팩 계열로 보이며 출처 표기 없음, ""Original Images/airwolf.mp3""(TV 테마곡) 동봉 → 자산 출처 불명"
pushbox,https://github.com/alexdd/pushbox,MIT,LICENSE (MIT),Alex Düsel,"MIDP, com.nokia.mid.ui",미빌드,3f1e1c59afc4,,,보류,필수 이미지 번들 a.bin 이 저장소에 없음 → 실행 불가. 레벨 출처 미확인
skocko,https://github.com/manojlovic/skocko-j2me,MIT,LICENSE (MIT),manojlovic,MIDP/CLDC,미빌드,3821f9ccc769,,,보류,RTS 퀴즈쇼 «Slagalica» 의 «Skočko» 코너 명칭·캐릭터 이미지(res/Skocko*.jpg) 재현 — 타사 IP
j2me-tetris-lagodych,https://github.com/MarkLagodych/j2me-tetris,WTFPL,LICENSE.txt (WTFPL),Mark Lagodych,MIDP/CLDC,미빌드(저장소에 Tetris.jar prebuilt),d3eeaf5ce755,,,보류,«Tetris» 상표(The Tetris Company) 명칭 사용
j2me-tetris-kiang,https://github.com/camark/j2me-tetris,GPL-2.0-or-later (일부 파일),"src/tetris/ui·model 7개 파일 헤더 ""Copyright (C) 2005 Jordan Kiang ... GPL v2+"" / TetrisMIDlet·DropThread·TetrisConstants 3개 헤더 없음","Jordan Kiang (camark 재업로드, code.google 내보내기)",MIDP/CLDC,미빌드,0725010ee2c5,,,보류,"★직전 ""라이선스 없음 제외""를 정정 — 헤더 있음. 다만 3개 파일 무헤더 + 비저자 재업로드 + Tetris 상표"
apress-carol-hamer,https://github.com/Apress/j2me-games-w-midp2,Freeware(비상업),"LICENSE.txt ""It is not allowed to reuse, modify, or redistribute the Software for commercial use in any way""",Carol Hamer (Apress),MIDP2,미빌드,ef475f678346,,,보류,NC — 비상업 재배포만 허용. 서비스 성격(상업성) 판단 필요
hydrium,https://github.com/drhelius/Hydrium-Mobile-Game,CC BY-NC-SA 3.0,"LICENSE ""Attribution-NonCommercial-ShareAlike 3.0 Unported""",Ignacio Sanchez (drhelius),MIDP2,미빌드,26401638bcb2,,,보류,NC 라이선스
ddoa-gameapi,https://github.com/ddoa/game-api-j2me,MIT,"MIT-license.txt; README ""published under a MIT open source license""","DDOA, HAN University",MIDP2,미빌드,e6dc20ddcc95,,,보류,"예제 게임 res/sounds/LightWorld.mid — 젤다(«Light World» 테마, Nintendo) 편곡 추정. 제거 시 채택 가능"
nmania,https://github.com/Feodor0090/nmania,GPL-3.0,LICENSE (GPLv3),Feodor0090,"MIDP2, JSR-135 MP3",미빌드,a5991330691b,,,보류,osu!mania 클론; 동봉 테스트 비트맵 res/beatmaps/wwwwww/audio.mp3 음원 출처 불명; 실사용엔 osu! 비트맵 필요
bombman,https://github.com/yaricom/bombman-RL-AI-J2ME,MIT,"LICENSE (MIT) + README ""BombMan is available under the MIT license""",Iaroslav Omelianenko,"MIDP, com.nokia·com.samsung",미빌드,1c58899a9b8d,,,보류,"Bomberman(Hudson/Konami) 클론 — 명칭·캐릭터 유사, 상용 배포 이력(2005) 자산 197 png 출처 확인 필요"
taboo,https://github.com/xUmutKx/Taboo_J2me,MIT,LICENSE (MIT),xUmutKx,MIDP2/CLDC1.1,미빌드,2abd1345eb57,,,보류,«Taboo» = Hasbro 상표 보드게임 명칭·룰
rpg-runner,https://github.com/carlsonsantana/rpg_runner_j2me,MIT,LICENSE (MIT),Carlson Santana,MIDP/CLDC (maven),미빌드,fa303b91d863,,,보류,"엔진만 — main 리소스(맵/타일셋) 없음, 테스트 리소스뿐"
quantum,https://github.com/rmn20/Quantum,GPL-3.0,LICENSE (GPLv3),rmn20,"MIDP2, JSR-184 일부",미빌드(서브모듈 3개),214a3fc5107a,,,보류,3D 엔진 — res/ 비어 있어 플레이 가능한 콘텐츠 없음
tts-engine,https://github.com/mrzacarias/J2ME-Game-Engine,MIT,LICENSE (MIT),mrzacarias,"MIDP2, JSR-135",javac 컴파일은 성공(jar 미보관),c6d1ff206b09,,,보류,"소스가 로드하는 /fish.png,/splashTTS.png,main.mid 등 리소스가 저장소에 없음 → 실행 불가"
3dmoto,https://github.com/mrlordkaj/j2me-3dmoto,GPL-3.0,LICENSE (GPLv3),Thinh Pham / Openitvn,"MIDP2, JSR-184(M3G), Nokia In-App Payment, Inneractive·Vserv 광고 SDK",미빌드,24fc9045e06c,,,보류,"lib/ 에 독점 광고·결제 SDK jar 동봉·소스가 import — GPL 과 결합 배포 문제, 제거 패치 필요"
mummy-maze,https://github.com/mrlordkaj/j2me-mumy,GPL-3.0,LICENSE,Openitvn,,-,538ac06736b8,,,제외,PopCap «Mummy Maze» IP 클론
pixelus,https://github.com/mrlordkaj/j2me-pixelus,GPL-3.0,LICENSE,Openitvn,,-,8480406b7561,,,제외,«Pixelus»(Gamelab 상용) IP 클론
sliding-puzzle,https://github.com/mrlordkaj/j2me-sliding-puzzle,GPL-3.0,LICENSE,Openitvn,,-,fb2f190cbfe0,,,제외,퍼즐 이미지 출처 불명(직전 라운드 판정 유지)
dancegame,https://github.com/cabbage89/danceGame,MIT,LICENSE,cabbage89,,-,181d17096faa,,,제외,README 자인: 이미지·사운드를 CECT 휴대폰 펌웨어(상용)에서 추출
tankzors-pro,https://github.com/CyanogenMod13/TankzorsPro,GPL-3.0,LICENSE,,,-,035e8f518d61,,,제외,"J2ME 원작(DaSuppaStudio)의 LibGDX PC/Android 이식 — J2ME 소스 아님, 원저작권 관계 불명"
freebitva,https://github.com/Lincor/freebitva,GPL-3.0,LICENSE,,,-,ac98b4c563fe,,,제외,«Mobitva» 클론이라 하나 실체는 로고 1장 스플래시 스텁(55줄) — 게임 아님
battleships-resurrection,https://github.com/raydac/battleships-resurrection,GPL-3.0,LICENSE,,,-,ddec58464db5,,,제외,Java 11 데스크톱 재구현 — J2ME 아님
escapists-j2me,https://github.com/shinovon/TheEscapists-j2me,MIT,GitHub license,,,-,,,,제외,Team17 «The Escapists» 팬 리메이크(IP)
j2medash,https://github.com/mnp075075/j2meDash,GPL-3.0,GitHub license,,,-,,,,제외,Geometry Dash(RobTop) 데메이크(IP)
geometryj2me,https://github.com/SharkZubat/geometryj2me,-,없음,,,-,,,,제외,Geometry Dash IP + 라이선스 없음
super-mario-j2me,https://github.com/j92580498-max/super-mario-j2me,GPL-3.0,GitHub license,,,-,,,,제외,NES 에뮬레이터 + Mario(Nintendo) — 게임 ROM IP
flappy-bird-j2me,https://github.com/SweetInk/flappy-bird-for-j2me,-,없음,,,-,,,,제외,Flappy Bird IP + 라이선스 없음
astrosmash-exl,https://github.com/EXL/AstroSmash,MIT,GitHub license,,,-,,,,제외,Mattel «Astrosmash» J2ME 의 Android 이식(IP)
nokia-bounce-decomp,https://github.com/rndtrash/nokia-bounce-decomp,WTFPL,GitHub license,,,-,,,,제외,Nokia 상용 «Bounce» 디컴파일
bounce-tales-reversed,https://github.com/Wafer-EX/BounceTalesReversed,Apache-2.0,GitHub license,,,-,,,,제외,Nokia «Bounce Tales» 역공학
opensm3d,https://github.com/aldekotan/OpenSM3D,GPL-3.0,GitHub license,,,-,,,,제외,상용 «Stalker Mobile 3D» 디옵퓨스케이션
bouncer-decomp,https://github.com/misterjdrg/Bouncer,MIT,GitHub license,,,-,,,,제외,Nokia «Bounce» 디컴파일
opencitybloxx,https://github.com/maybebugs/OpenCityBloxx,-,없음,,,-,,,,제외,Nokia «City Bloxx» 역공학
keypad-memories,https://github.com/ichichchch/Keypad-Memories,MIT,GitHub license,,,-,,,,제외,2007 상용 J2ME 게임 디컴파일
sonic-j2me-decomp,https://github.com/yowari/sonic-j2me-decompilation,-,없음,,,-,,,,제외,SEGA «Sonic» 디컴파일
golgo13,https://github.com/matsubo/GOLGO13-MIDP-game,-,없음,,,-,,,,제외,«Golgo 13» 만화 IP + 라이선스 없음
gravitydefied-android,https://github.com/evgenyzinoviev/gravitydefied,GPL-2.0,GitHub license,,,-,,,,제외,Codebrew «Gravity Defied» 비공식 이식(직전 지시 제외 대상)
jtyrian,https://github.com/winotu/JTyrian,-,"LICENSE 없음·헤더 없음(README ""OpenSource"" 문구뿐)",,,-,fceccbb824db,,,제외,라이선스 없음(+Tyrian IP)
j2me-2048-turbanoff,https://github.com/turbanoff/j2me-2048,-,LICENSE 없음·헤더 없음,,,-,cc4560a39d33,,,제외,라이선스 없음
2048-jsmucr,https://github.com/jsmucr/2048-for-J2ME,-,LICENSE 없음·헤더 없음,,,-,e9f74f227b87,,,제외,라이선스 없음
drivester,https://github.com/AzizBgBoss/drivester,-,LICENSE 없음·헤더 없음,,,-,855bb504a228,,,제외,라이선스 없음
math-them-right,https://github.com/Foxelyss/Math-Them-Right,-,LICENSE 없음·헤더 없음,,,-,6206a4bc9230,,,제외,라이선스 없음
gkvoelkl-games,https://github.com/gkvoelkl/j2me-games,-,저장소 LICENSE 없음; Games/6/_SpaceWar 만 Sun BSD 헤더,,,-,14b0b641060e,,,제외,"라이선스 없음(SpaceWar 는 Sun 데모 파생, 나머지 무표기)"
co-caro,https://github.com/tvc97/Co-Caro,-,LICENSE 없음·헤더 없음,,,-,f161255cb1e9,,,제외,라이선스 없음(직전 판정 재확인)
heroe-del-futuro,https://github.com/alvarogzp/heroe-del-futuro,-,LICENSE 없음·헤더 없음,,,-,e76c529968b1,,,제외,라이선스 없음(직전 판정 재확인)
midlet-game-wmok,https://github.com/wmok/midlet_game,-,LICENSE 없음·헤더 없음,,,-,085b066de4fc,,,제외,라이선스 없음(직전 판정 재확인)
tcatris,https://github.com/tequilacat/TCatris,-,LICENSE 없음·헤더 없음,,,-,add0c5694613,,,제외,라이선스 없음 + Android 이식(직전 판정 재확인)
pingpong-laabroo,https://github.com/laabroo/PingPong,-,LICENSE 없음·헤더 없음,,,-,6c5197aac3dd,,,제외,라이선스 없음
tetris-refridgerator,https://github.com/Refridgerator/J2ME-Tetris,-,MTRandom.java 만 BSD(Matsumoto) 헤더,,,-,5af50b97c56a,,,제외,라이선스 없음 + Tetris 상표
kulkul,https://github.com/petrnohejl/kulkul,-,"README ""KulKul (c) 2009 Petr Nohejl"" 뿐",,,-,736446a02984,,,제외,라이선스 없음
bingus,https://github.com/thesaguaro/bingus_J2ME,-,LICENSE 없음·헤더 없음,,,-,0f16364d1c89,,,제외,라이선스 없음
race-track,https://github.com/shrinidhir/Race-track,-,LICENSE 없음·헤더 없음,,,-,5cce4e31b89b,,,제외,라이선스 없음
stalker-sergreen,https://github.com/SerGreen/Stalker-J2ME,-,LICENSE 없음·헤더 없음,,,-,d0ee9bd557bb,,,제외,라이선스 없음
hit-the-bird,https://github.com/njebluk/Hit-The-Bird,-,LICENSE 없음·헤더 없음,,,-,5b0ff6aa306c,,,제외,라이선스 없음
bomber-man-msaleh,https://github.com/M-Saleh/Bomber-Man,-,GitHub license 없음,,,-,,,,제외,라이선스 없음 + Bomberman IP
vnes-asha,https://github.com/Summeli/vNes-Asha,GPL-3.0,GitHub license,,,-,,,,제외,게임 아님(NES 에뮬레이터)
w4me-station,https://github.com/mulfyx/w4me-station,MIT,GitHub license,,,-,,,,제외,게임 아님(WASM-4 런타임)
